,cost,x1,x2,x3,x4,x5,x6,x7,x8,x9,x10,x11,x12
0,76328.1049051748,-61.08384343352085,86.85105231904711,5.155688484692791,62.3298865968884,99.96324503564335,2.1140307741152897,-8.017982804350439,-25.46854017890523,1.0164005762343236,-65.69099758208333,-1.91025171349672,4.02074124468596
1,76328.1049051748,-61.08384343352085,86.85105231904711,5.155688484692791,62.3298865968884,99.96324503564335,2.1140307741152897,-8.017982804350439,-25.46854017890523,1.0164005762343236,-65.69099758208333,-1.91025171349672,4.02074124468596
