,cost,x1,x2,x3,x4,x5,x6,x7,x8,x9,x10,x11,x12
0,91210.87699830449,-90.12307277402256,-56.70155838332358,5.886252355481552,0.8693586234737438,-22.29529326830881,0.334230075327426,-31.989429988038637,79.80188990339983,4.825123741908816,91.4820873507667,45.116968130384095,4.320247109415414
1,91210.87699830449,-90.12307277402256,-56.70155838332358,5.886252355481552,0.8693586234737438,-22.29529326830881,0.334230075327426,-31.989429988038637,79.80188990339983,4.825123741908816,91.4820873507667,45.116968130384095,4.320247109415414
