,cost,x1,x2,x3,x4,x5,x6
0,26.748511904761905,104.07687296054075,56.034692023489065,159.34577334404563,73.61147888883124,32.85395959239716,45.08702449233595
1,26.748511904761905,104.07687296054075,56.034692023489065,159.34577334404563,73.61147888883124,32.85395959239716,45.08702449233595
